regime,horizon,correlation,short_mean,short_sharpe,percentile_breakdown
BTC_DOMINANT,1,0.6779492447458207,-0.018407319237805305,-0.14705571649107693,"{Interval(0.099, 0.28, closed='right'): 0.05383515236013478, Interval(0.28, 0.46, closed='right'): 0.020548228949254874, Interval(0.46, 0.64, closed='right'): -0.032907991320962234, Interval(0.64, 0.82, closed='right'): 0.03447589312379952, Interval(0.82, 1.0, closed='right'): 0.016085313076799584}"
BTC_DOMINANT,3,0.8377505046879318,0.034085983861337814,0.25424798093629414,"{Interval(0.099, 0.28, closed='right'): -0.03541552722200539, Interval(0.28, 0.46, closed='right'): -0.0525754917732755, Interval(0.46, 0.64, closed='right'): -0.05183863834500685, Interval(0.64, 0.82, closed='right'): -0.02525050265795513, Interval(0.82, 1.0, closed='right'): -0.005349759308446184}"
BTC_DOMINANT,7,0.7998148191208446,0.2635724396254501,3.4726990496440564,"{Interval(0.099, 0.28, closed='right'): -0.26943188120233696, Interval(0.28, 0.46, closed='right'): -0.26427936158775933, Interval(0.46, 0.64, closed='right'): -0.28570014294656887, Interval(0.64, 0.82, closed='right'): -0.2366973023854754, Interval(0.82, 1.0, closed='right'): -0.26175351000510994}"
ALT_SEASON,1,0.22100688551519493,0.06477002813948368,0.6810228981111498,"{Interval(0.099, 0.28, closed='right'): -0.06172877378696745, Interval(0.28, 0.46, closed='right'): -0.07208200944739675, Interval(0.46, 0.64, closed='right'): -0.06777118107586025, Interval(0.64, 0.82, closed='right'): -0.07370349274249963, Interval(0.82, 1.0, closed='right'): -0.04856468364469434}"
ALT_SEASON,3,0.05472811599345356,0.20239622965372467,1.266428683037301,"{Interval(0.099, 0.28, closed='right'): -0.1833510441572474, Interval(0.28, 0.46, closed='right'): -0.21270656583950276, Interval(0.46, 0.64, closed='right'): -0.20996842771909643, Interval(0.64, 0.82, closed='right'): -0.20489886696638307, Interval(0.82, 1.0, closed='right'): -0.20105624358639393}"
ALT_SEASON,7,0.07946995818219986,-0.3627721934558951,-0.23404360173091882,"{Interval(0.099, 0.28, closed='right'): 0.38225601441132073, Interval(0.28, 0.46, closed='right'): 0.38386329565264476, Interval(0.46, 0.64, closed='right'): 0.35506448631588294, Interval(0.64, 0.82, closed='right'): 0.3441740683139495, Interval(0.82, 1.0, closed='right'): 0.3485031025856775}"
TRANSITION,1,-0.027947103567164826,-0.05205425728613702,-0.0920550717210384,"{Interval(0.099, 0.28, closed='right'): 0.0483458468920135, Interval(0.28, 0.46, closed='right'): 0.05434654159588026, Interval(0.46, 0.64, closed='right'): 0.04981377269530026, Interval(0.64, 0.82, closed='right'): 0.05637678093690674, Interval(0.82, 1.0, closed='right'): 0.051388344310584345}"
TRANSITION,3,0.018083208620561383,-0.16814400511529856,-0.1609295892811987,"{Interval(0.099, 0.28, closed='right'): 0.16874779506372659, Interval(0.28, 0.46, closed='right'): 0.16482253071445593, Interval(0.46, 0.64, closed='right'): 0.16326129895833916, Interval(0.64, 0.82, closed='right'): 0.1740226868409771, Interval(0.82, 1.0, closed='right'): 0.16986571399899408}"
TRANSITION,7,0.04393870741068302,-0.23406136733040867,-0.1998466803535401,"{Interval(0.099, 0.28, closed='right'): 0.23800760290706174, Interval(0.28, 0.46, closed='right'): 0.22752119737937315, Interval(0.46, 0.64, closed='right'): 0.2396469960746548, Interval(0.64, 0.82, closed='right'): 0.2347544811989328, Interval(0.82, 1.0, closed='right'): 0.23037655909202084}"
